{
  "preference_accuracy": 0.616,
  "weighted_preference_accuracy": 0.616,
  "mean_margin": 1.4708649703264236,
  "median_margin": 1.1918994188308716,
  "mean_loss": 0.6504347012042999,
  "num_examples": 500,
  "evaluation_method": "uniform",
  "training_method": "uniform"
}