{
  "preference_accuracy": 0.602,
  "weighted_preference_accuracy": 0.602,
  "mean_margin": 0.5874895714521408,
  "median_margin": 0.5281074643135071,
  "mean_loss": 0.6708711508512497,
  "num_examples": 500,
  "evaluation_method": "uniform",
  "training_method": "online_hybrid"
}