{
  "preference_accuracy": 0.598,
  "weighted_preference_accuracy": 0.6,
  "mean_margin": 0.6115684385150671,
  "median_margin": 0.4879835247993469,
  "mean_loss": 0.6625209926962853,
  "num_examples": 500
}