{
  "global_step": 187,
  "mean_loss": 0.6692724336385727,
  "mean_step_sec": 0.865992828357325,
  "weight_method": "uniform"
}